file, hardcoded-secret, empty-password, use of http, improper ip address binding, suspicious comment, no-integrity-check, total
script-320.yaml, 0, 0, 0, 0, 0, 0, 0
script-270.yaml, 0, 0, 0, 0, 0, 0, 0
script-924.yaml, 1, 0, 0, 0, 0, 0, 1
script-62.yaml, 0, 0, 0, 0, 0, 0, 0
script-319.yaml, 0, 0, 0, 0, 0, 0, 0
script-770.yaml, 1, 0, 0, 0, 0, 0, 1
script-1046.yaml, 0, 0, 0, 0, 0, 0, 0
script-883.yaml, 0, 0, 0, 0, 0, 0, 0
script-18.yaml, 0, 0, 0, 0, 0, 0, 0
script-117.yaml, 7, 1, 0, 0, 0, 0, 8
script-554.yaml, 0, 0, 0, 0, 0, 0, 0
script-775.yaml, 0, 0, 0, 0, 0, 0, 0
script-719.yaml, 0, 0, 0, 0, 0, 0, 0
script-929.yaml, 1, 0, 0, 0, 0, 0, 1
script-356.yaml, 0, 0, 0, 0, 0, 0, 0
script-686.yaml, 0, 0, 0, 0, 0, 0, 0
script-1093.yaml, 0, 0, 0, 0, 0, 0, 0
script-583.yaml, 0, 0, 0, 0, 1, 0, 1
script-547.yaml, 0, 0, 0, 0, 0, 0, 0
script-7.yaml, 0, 0, 0, 0, 0, 0, 0
script-391.yaml, 0, 0, 0, 0, 0, 0, 0
script-813.yaml, 0, 0, 0, 0, 0, 0, 0
script-393.yaml, 0, 0, 0, 0, 0, 0, 0
script-504.yaml, 0, 0, 0, 0, 0, 0, 0
script-38.yaml, 0, 0, 0, 0, 0, 0, 0
script-722.yaml, 0, 0, 0, 0, 0, 0, 0
script-401.yaml, 0, 0, 0, 0, 0, 0, 0
script-548.yaml, 0, 0, 0, 0, 0, 0, 0
script-551.yaml, 0, 0, 0, 0, 1, 0, 1
script-718.yaml, 0, 0, 0, 0, 0, 0, 0
script-771.yaml, 1, 0, 0, 0, 0, 0, 1
script-1076.yaml, 0, 0, 0, 0, 0, 0, 0
script-680.yaml, 0, 0, 0, 0, 0, 0, 0
script-642.yaml, 0, 0, 0, 0, 0, 0, 0
script-945.yaml, 0, 0, 0, 0, 0, 0, 0
script-464.yaml, 0, 0, 0, 0, 0, 0, 0
script-805.yaml, 0, 0, 0, 0, 0, 0, 0
script-355.yaml, 0, 0, 0, 0, 0, 0, 0
script-823.yaml, 0, 0, 0, 0, 0, 0, 0
script-66.yaml, 0, 0, 0, 0, 0, 0, 0
script-445.yaml, 0, 0, 0, 0, 0, 0, 0
script-14.yaml, 0, 0, 0, 0, 0, 0, 0
script-1029.yaml, 0, 0, 0, 0, 0, 0, 0
script-779.yaml, 1, 0, 0, 0, 0, 0, 1
script-864.yaml, 0, 0, 0, 0, 0, 0, 0
script-860.yaml, 1, 0, 0, 0, 0, 0, 1
script-382.yaml, 0, 0, 0, 0, 0, 0, 0
script-693.yaml, 0, 0, 0, 0, 0, 0, 0
script-575.yaml, 0, 0, 0, 0, 0, 0, 0
script-740.yaml, 0, 0, 0, 0, 0, 0, 0
script-881.yaml, 0, 0, 0, 0, 0, 0, 0
script-242.yaml, 0, 0, 0, 0, 0, 0, 0
script-166.yaml, 0, 0, 0, 0, 0, 0, 0
script-985.yaml, 0, 0, 0, 0, 0, 0, 0
script-313.yaml, 0, 0, 0, 0, 0, 0, 0
script-664.yaml, 0, 0, 0, 0, 0, 0, 0
script-88.yaml, 0, 0, 0, 0, 0, 0, 0
script-710.yaml, 1, 0, 8, 0, 0, 0, 9
script-848.yaml, 0, 0, 0, 0, 0, 0, 0
script-406.yaml, 0, 0, 0, 0, 0, 0, 0
script-992.yaml, 0, 0, 0, 0, 0, 0, 0
script-594.yaml, 0, 0, 0, 0, 1, 0, 1
script-818.yaml, 0, 0, 0, 0, 0, 0, 0
script-619.yaml, 3, 0, 0, 0, 0, 0, 3
script-477.yaml, 0, 0, 0, 0, 0, 0, 0
script-458.yaml, 0, 0, 0, 0, 0, 0, 0
script-1057.yaml, 0, 0, 0, 0, 0, 0, 0
script-1081.yaml, 0, 0, 0, 0, 0, 0, 0
script-175.yaml, 1, 0, 0, 0, 0, 0, 1
script-73.yaml, 0, 0, 0, 0, 0, 0, 0
script-98.yaml, 0, 0, 0, 0, 0, 0, 0
script-5.yaml, 0, 0, 0, 0, 0, 0, 0
script-888.yaml, 1, 0, 0, 0, 0, 0, 1
script-927.yaml, 1, 0, 0, 0, 0, 0, 1
script-1058.yaml, 0, 0, 0, 0, 0, 0, 0
script-858.yaml, 0, 0, 0, 0, 0, 0, 0
script-456.yaml, 0, 0, 0, 0, 0, 0, 0
script-484.yaml, 1, 0, 0, 0, 0, 0, 1
script-767.yaml, 0, 0, 0, 0, 0, 0, 0
script-293.yaml, 0, 0, 0, 0, 0, 0, 0
script-1098.yaml, 1, 0, 0, 0, 0, 0, 1
script-451.yaml, 0, 0, 0, 0, 0, 0, 0
script-79.yaml, 0, 0, 0, 0, 0, 0, 0
script-624.yaml, 0, 0, 0, 0, 0, 0, 0
script-507.yaml, 4, 0, 0, 0, 0, 0, 4
script-530.yaml, 1, 0, 0, 0, 0, 0, 1
script-933.yaml, 1, 0, 0, 0, 0, 0, 1
script-275.yaml, 0, 0, 0, 0, 0, 0, 0
script-457.yaml, 0, 0, 0, 0, 0, 0, 0
script-218.yaml, 0, 0, 0, 0, 0, 0, 0
script-347.yaml, 0, 0, 0, 0, 0, 0, 0
script-733.yaml, 0, 0, 0, 0, 0, 0, 0
script-935.yaml, 1, 0, 0, 0, 0, 0, 1
script-606.yaml, 0, 0, 0, 0, 0, 0, 0
script-20.yaml, 1, 0, 0, 0, 0, 0, 1
script-1000.yaml, 0, 0, 0, 0, 0, 0, 0
script-314.yaml, 0, 0, 0, 0, 0, 0, 0
script-568.yaml, 0, 0, 0, 0, 0, 0, 0
script-620.yaml, 0, 0, 0, 0, 3, 0, 3
script-1031.yaml, 0, 0, 0, 0, 0, 0, 0
script-812.yaml, 0, 0, 0, 0, 0, 0, 0
script-645.yaml, 0, 0, 0, 0, 0, 0, 0
script-520.yaml, 2, 0, 0, 0, 0, 0, 2
script-80.yaml, 0, 0, 0, 0, 0, 0, 0
script-1014.yaml, 0, 0, 0, 0, 2, 0, 2
script-588.yaml, 1, 0, 0, 0, 0, 0, 1
script-180.yaml, 1, 0, 0, 0, 0, 0, 1
script-646.yaml, 0, 0, 0, 0, 0, 0, 0
script-188.yaml, 0, 0, 0, 0, 0, 0, 0
script-873.yaml, 0, 0, 0, 0, 0, 0, 0
script-557.yaml, 0, 0, 0, 0, 0, 0, 0
script-931.yaml, 1, 0, 0, 0, 0, 0, 1
script-751.yaml, 0, 0, 0, 0, 0, 0, 0
script-298.yaml, 0, 0, 0, 0, 0, 0, 0
script-17.yaml, 3, 0, 1, 0, 0, 2, 6
script-871.yaml, 0, 0, 0, 0, 0, 0, 0
script-901.yaml, 0, 0, 0, 0, 0, 0, 0
script-334.yaml, 0, 0, 0, 0, 0, 0, 0
script-450.yaml, 0, 0, 0, 0, 1, 0, 1
script-965.yaml, 0, 0, 0, 0, 0, 0, 0
script-169.yaml, 0, 0, 0, 0, 0, 0, 0
script-1066.yaml, 0, 0, 0, 0, 0, 0, 0
script-969.yaml, 1, 0, 0, 0, 1, 0, 2
script-625.yaml, 1, 0, 0, 0, 0, 0, 1
script-489.yaml, 0, 0, 0, 0, 0, 0, 0
script-448.yaml, 0, 0, 0, 0, 0, 0, 0
script-424.yaml, 0, 0, 0, 0, 1, 0, 1
script-232.yaml, 0, 0, 0, 0, 0, 0, 0
script-48.yaml, 0, 0, 0, 0, 0, 0, 0
script-193.yaml, 0, 0, 0, 0, 0, 0, 0
script-774.yaml, 7, 0, 0, 0, 0, 0, 7
script-785.yaml, 1, 0, 0, 0, 0, 0, 1
script-182.yaml, 12, 1, 0, 0, 3, 0, 16
script-164.yaml, 0, 0, 0, 0, 0, 0, 0
script-763.yaml, 0, 0, 0, 0, 0, 0, 0
script-22.yaml, 1, 0, 0, 0, 0, 0, 1
script-618.yaml, 0, 0, 0, 0, 0, 0, 0
script-473.yaml, 0, 0, 0, 0, 0, 0, 0
script-399.yaml, 0, 0, 0, 0, 0, 0, 0
script-469.yaml, 10, 0, 0, 0, 0, 0, 10
script-1064.yaml, 0, 0, 0, 0, 0, 0, 0
script-496.yaml, 3, 0, 2, 0, 0, 0, 5
script-808.yaml, 0, 0, 0, 0, 0, 0, 0
script-307.yaml, 0, 0, 0, 0, 0, 0, 0
script-826.yaml, 0, 0, 0, 0, 0, 0, 0
script-975.yaml, 0, 0, 0, 0, 0, 0, 0
script-565.yaml, 0, 0, 0, 0, 0, 0, 0
script-221.yaml, 0, 0, 0, 0, 0, 0, 0
script-758.yaml, 0, 0, 0, 0, 0, 0, 0
script-387.yaml, 0, 0, 0, 0, 0, 0, 0
script-255.yaml, 0, 0, 0, 0, 0, 0, 0
script-1061.yaml, 0, 0, 0, 0, 0, 0, 0
script-1018.yaml, 0, 0, 0, 0, 0, 0, 0
script-266.yaml, 1, 0, 0, 0, 0, 1, 2
script-849.yaml, 0, 0, 0, 0, 0, 0, 0
script-227.yaml, 0, 0, 0, 0, 0, 0, 0
script-792.yaml, 0, 0, 0, 0, 0, 0, 0
script-919.yaml, 1, 0, 0, 0, 0, 0, 1
script-89.yaml, 0, 0, 0, 0, 0, 0, 0
script-46.yaml, 0, 0, 0, 0, 0, 0, 0
script-764.yaml, 2, 0, 0, 0, 0, 0, 2
script-896.yaml, 0, 0, 0, 0, 0, 0, 0
script-644.yaml, 0, 0, 0, 0, 0, 0, 0
script-1034.yaml, 0, 0, 0, 0, 0, 0, 0
script-317.yaml, 2, 0, 0, 0, 0, 0, 2
script-695.yaml, 0, 0, 0, 0, 0, 0, 0
script-1092.yaml, 0, 0, 0, 0, 0, 0, 0
script-811.yaml, 0, 0, 0, 0, 0, 0, 0
script-1080.yaml, 1, 0, 0, 0, 0, 0, 1
script-45.yaml, 0, 0, 0, 0, 0, 0, 0
script-341.yaml, 48, 0, 0, 0, 0, 0, 48
script-52.yaml, 0, 0, 0, 0, 0, 0, 0
script-963.yaml, 0, 0, 0, 0, 0, 0, 0
script-226.yaml, 0, 0, 0, 0, 0, 0, 0
script-698.yaml, 9, 0, 0, 0, 0, 0, 9
script-433.yaml, 0, 0, 0, 0, 0, 0, 0
script-959.yaml, 0, 0, 0, 0, 0, 0, 0
script-1036.yaml, 0, 0, 0, 0, 0, 0, 0
script-1021.yaml, 0, 0, 0, 0, 0, 0, 0
script-674.yaml, 1, 0, 0, 0, 0, 0, 1
script-357.yaml, 0, 0, 0, 0, 0, 0, 0
script-704.yaml, 5, 0, 0, 0, 0, 0, 5
script-286.yaml, 0, 0, 0, 0, 0, 0, 0
script-977.yaml, 1, 0, 0, 0, 0, 0, 1
script-315.yaml, 0, 0, 0, 0, 0, 0, 0
script-875.yaml, 0, 0, 0, 0, 0, 0, 0
script-103.yaml, 0, 0, 0, 0, 0, 0, 0
script-828.yaml, 0, 0, 0, 0, 0, 0, 0
script-663.yaml, 0, 0, 0, 0, 0, 0, 0
script-316.yaml, 0, 0, 0, 0, 0, 0, 0
script-1001.yaml, 0, 0, 0, 0, 0, 0, 0
script-271.yaml, 0, 0, 0, 0, 0, 0, 0
script-724.yaml, 0, 0, 0, 0, 0, 0, 0
script-930.yaml, 0, 0, 0, 0, 0, 0, 0
script-1037.yaml, 0, 0, 0, 0, 0, 0, 0
script-607.yaml, 0, 0, 0, 0, 0, 0, 0
script-749.yaml, 0, 0, 0, 0, 0, 0, 0
script-988.yaml, 0, 0, 0, 0, 0, 0, 0
script-556.yaml, 0, 0, 0, 0, 0, 0, 0
script-214.yaml, 2, 0, 0, 0, 0, 0, 2
script-183.yaml, 0, 0, 0, 0, 0, 0, 0
script-753.yaml, 0, 0, 0, 0, 0, 0, 0
script-856.yaml, 0, 0, 0, 0, 0, 0, 0
script-337.yaml, 12, 0, 0, 0, 0, 0, 12
script-222.yaml, 0, 0, 0, 0, 0, 0, 0
script-277.yaml, 1, 0, 0, 0, 0, 0, 1
script-490.yaml, 1, 0, 0, 0, 0, 0, 1
script-437.yaml, 0, 0, 0, 0, 0, 0, 0
script-679.yaml, 0, 0, 0, 0, 0, 0, 0
script-857.yaml, 0, 0, 0, 0, 0, 0, 0
script-492.yaml, 3, 0, 0, 0, 0, 0, 3
script-796.yaml, 0, 0, 0, 0, 0, 0, 0
script-899.yaml, 6, 0, 0, 0, 0, 0, 6
script-608.yaml, 1, 0, 0, 0, 0, 0, 1
script-612.yaml, 1, 0, 0, 0, 1, 0, 2
script-895.yaml, 0, 0, 0, 0, 0, 0, 0
script-795.yaml, 0, 0, 0, 0, 0, 0, 0
script-82.yaml, 0, 0, 0, 0, 0, 0, 0
script-65.yaml, 0, 0, 0, 0, 0, 0, 0
script-1022.yaml, 0, 0, 0, 0, 0, 0, 0
script-1032.yaml, 0, 0, 0, 0, 0, 0, 0
script-205.yaml, 0, 0, 0, 0, 0, 0, 0
script-689.yaml, 0, 0, 0, 0, 0, 0, 0
script-1089.yaml, 1, 0, 0, 0, 0, 0, 1
script-494.yaml, 1, 0, 0, 0, 0, 0, 1
script-192.yaml, 1, 0, 0, 0, 0, 0, 1
script-527.yaml, 0, 0, 0, 0, 0, 0, 0
script-2.yaml, 0, 0, 0, 0, 0, 0, 0
script-962.yaml, 0, 0, 0, 0, 0, 0, 0
script-466.yaml, 0, 0, 0, 0, 0, 0, 0
script-682.yaml, 0, 0, 0, 0, 0, 0, 0
script-417.yaml, 0, 0, 0, 0, 0, 0, 0
script-1060.yaml, 0, 0, 0, 0, 0, 0, 0
script-743.yaml, 0, 0, 0, 0, 0, 0, 0
script-4.yaml, 0, 0, 0, 0, 0, 0, 0
script-239.yaml, 0, 0, 0, 0, 0, 0, 0
script-354.yaml, 0, 0, 0, 0, 0, 0, 0
script-200.yaml, 0, 0, 0, 0, 0, 0, 0
script-309.yaml, 0, 0, 1, 0, 0, 0, 1
script-578.yaml, 1, 0, 0, 0, 3, 0, 4
script-126.yaml, 0, 0, 0, 0, 0, 0, 0
script-928.yaml, 1, 0, 0, 0, 0, 0, 1
script-835.yaml, 0, 0, 0, 0, 0, 0, 0
script-533.yaml, 1, 0, 0, 0, 0, 0, 1
script-190.yaml, 2, 0, 0, 0, 0, 0, 2
script-219.yaml, 0, 0, 0, 0, 0, 0, 0
script-343.yaml, 0, 0, 0, 0, 0, 0, 0
script-438.yaml, 0, 0, 0, 0, 0, 0, 0
script-151.yaml, 0, 0, 0, 0, 0, 0, 0
script-603.yaml, 0, 0, 0, 0, 0, 0, 0
script-410.yaml, 0, 0, 0, 0, 0, 0, 0
script-780.yaml, 0, 0, 0, 0, 0, 0, 0
script-37.yaml, 6, 0, 0, 0, 0, 0, 6
script-952.yaml, 0, 0, 0, 0, 0, 0, 0
script-582.yaml, 0, 0, 0, 0, 0, 0, 0
script-800.yaml, 1, 0, 0, 0, 0, 0, 1
script-194.yaml, 0, 0, 0, 0, 0, 0, 0
script-552.yaml, 0, 0, 0, 0, 4, 0, 4
script-94.yaml, 0, 0, 0, 0, 0, 0, 0
script-705.yaml, 2, 0, 0, 0, 0, 0, 2
script-949.yaml, 0, 0, 0, 0, 0, 0, 0
script-187.yaml, 0, 0, 0, 0, 0, 0, 0
script-83.yaml, 0, 0, 0, 0, 0, 0, 0
script-432.yaml, 0, 0, 0, 0, 0, 0, 0
script-890.yaml, 1, 0, 0, 1, 0, 0, 2
script-178.yaml, 1, 0, 0, 0, 0, 0, 1
script-1073.yaml, 0, 0, 0, 0, 0, 0, 0
script-702.yaml, 0, 0, 0, 0, 0, 0, 0
script-938.yaml, 1, 0, 0, 0, 0, 0, 1
script-28.yaml, 0, 0, 0, 0, 0, 0, 0
script-958.yaml, 0, 0, 0, 0, 0, 0, 0
script-1084.yaml, 0, 0, 0, 0, 0, 0, 0
script-947.yaml, 0, 0, 0, 0, 0, 0, 0
script-379.yaml, 3, 0, 0, 0, 0, 0, 3
script-716.yaml, 0, 0, 10, 1, 0, 0, 11
script-294.yaml, 0, 0, 0, 0, 0, 0, 0
script-550.yaml, 0, 0, 0, 0, 0, 0, 0
script-1009.yaml, 0, 0, 3, 0, 0, 0, 3
script-346.yaml, 0, 0, 0, 0, 0, 0, 0
script-923.yaml, 1, 0, 0, 0, 0, 0, 1
script-461.yaml, 0, 0, 0, 0, 0, 0, 0
script-84.yaml, 0, 0, 0, 0, 0, 0, 0
script-395.yaml, 2, 0, 0, 0, 0, 0, 2
script-904.yaml, 0, 0, 0, 0, 0, 0, 0
script-335.yaml, 0, 0, 0, 0, 0, 0, 0
script-416.yaml, 0, 0, 0, 0, 0, 0, 0
script-236.yaml, 0, 0, 0, 0, 0, 0, 0
script-661.yaml, 0, 0, 0, 0, 0, 0, 0
script-542.yaml, 1, 0, 0, 0, 0, 0, 1
script-370.yaml, 0, 0, 0, 0, 0, 0, 0
script-482.yaml, 0, 0, 0, 0, 0, 0, 0
script-694.yaml, 0, 0, 0, 0, 0, 0, 0
script-292.yaml, 0, 0, 0, 0, 0, 0, 0
script-278.yaml, 0, 0, 0, 0, 0, 0, 0
script-986.yaml, 0, 0, 0, 0, 0, 0, 0
script-74.yaml, 0, 0, 0, 0, 0, 0, 0
script-596.yaml, 1, 0, 0, 0, 0, 0, 1
script-1055.yaml, 0, 0, 0, 0, 0, 0, 0
script-415.yaml, 0, 0, 0, 0, 0, 0, 0
script-134.yaml, 0, 0, 0, 0, 0, 0, 0
script-783.yaml, 0, 0, 0, 0, 0, 0, 0
script-1044.yaml, 0, 0, 0, 0, 0, 0, 0
script-937.yaml, 1, 0, 0, 0, 0, 0, 1
script-325.yaml, 2, 0, 0, 0, 0, 0, 2
script-852.yaml, 0, 0, 0, 0, 0, 0, 0
script-272.yaml, 0, 0, 0, 0, 0, 0, 0
script-149.yaml, 0, 0, 0, 0, 0, 0, 0
script-235.yaml, 0, 0, 0, 0, 0, 0, 0
script-419.yaml, 0, 0, 0, 0, 0, 0, 0
script-833.yaml, 0, 0, 0, 0, 0, 0, 0
script-782.yaml, 0, 0, 0, 0, 0, 0, 0
script-57.yaml, 0, 0, 0, 0, 8, 0, 8
script-862.yaml, 2, 0, 0, 0, 0, 0, 2
script-233.yaml, 0, 0, 0, 0, 1, 0, 1
script-940.yaml, 1, 0, 0, 0, 0, 0, 1
script-434.yaml, 0, 0, 0, 0, 0, 0, 0
script-636.yaml, 0, 0, 0, 0, 0, 0, 0
script-430.yaml, 0, 0, 0, 0, 0, 0, 0
script-765.yaml, 0, 0, 0, 0, 0, 0, 0
script-855.yaml, 0, 0, 0, 0, 0, 0, 0
script-302.yaml, 0, 0, 0, 0, 0, 0, 0
script-941.yaml, 1, 0, 0, 0, 0, 0, 1
script-838.yaml, 0, 0, 0, 0, 0, 0, 0
script-1033.yaml, 0, 0, 0, 0, 0, 0, 0
script-160.yaml, 0, 0, 0, 0, 0, 0, 0
script-388.yaml, 0, 0, 0, 0, 0, 0, 0
script-350.yaml, 0, 0, 0, 0, 0, 0, 0
script-223.yaml, 0, 0, 0, 0, 0, 0, 0
script-781.yaml, 1, 0, 2, 1, 0, 3, 7
script-138.yaml, 0, 0, 0, 0, 0, 0, 0
script-43.yaml, 0, 0, 0, 0, 0, 0, 0
script-803.yaml, 0, 0, 1, 0, 0, 0, 1
script-100.yaml, 0, 0, 0, 0, 0, 0, 0
script-964.yaml, 0, 0, 0, 0, 0, 0, 0
script-452.yaml, 0, 0, 0, 0, 0, 0, 0
script-348.yaml, 0, 0, 0, 0, 0, 0, 0
script-1054.yaml, 0, 0, 0, 0, 0, 0, 0
script-842.yaml, 0, 0, 0, 0, 0, 0, 0
script-36.yaml, 1, 0, 0, 0, 0, 0, 1
script-512.yaml, 1, 0, 0, 0, 0, 0, 1
script-650.yaml, 0, 0, 0, 0, 0, 0, 0
script-983.yaml, 0, 0, 0, 0, 0, 0, 0
script-280.yaml, 0, 0, 0, 0, 0, 0, 0
script-1065.yaml, 0, 0, 0, 0, 0, 0, 0
script-258.yaml, 0, 0, 0, 0, 0, 0, 0
script-106.yaml, 9, 0, 0, 0, 1, 0, 10
script-209.yaml, 0, 0, 0, 0, 0, 0, 0
script-688.yaml, 0, 0, 0, 0, 0, 0, 0
script-914.yaml, 3, 0, 0, 0, 0, 0, 3
script-364.yaml, 0, 0, 0, 0, 0, 0, 0
script-404.yaml, 0, 0, 0, 0, 0, 0, 0
script-629.yaml, 0, 0, 0, 0, 0, 0, 0
script-544.yaml, 0, 0, 0, 0, 0, 0, 0
script-778.yaml, 0, 0, 0, 0, 0, 0, 0
script-810.yaml, 0, 0, 0, 0, 0, 0, 0
script-850.yaml, 0, 0, 0, 0, 0, 0, 0
script-787.yaml, 0, 0, 0, 0, 0, 0, 0
script-673.yaml, 1, 0, 0, 0, 0, 0, 1
script-514.yaml, 1, 0, 0, 0, 0, 0, 1
script-251.yaml, 0, 0, 0, 0, 0, 0, 0
script-951.yaml, 0, 0, 0, 0, 0, 0, 0
script-229.yaml, 0, 0, 0, 0, 0, 0, 0
script-797.yaml, 0, 0, 0, 0, 0, 0, 0
script-798.yaml, 0, 0, 0, 0, 0, 0, 0
script-476.yaml, 0, 0, 0, 0, 0, 0, 0
script-991.yaml, 0, 0, 0, 0, 0, 0, 0
script-1091.yaml, 1, 0, 0, 0, 0, 0, 1
script-863.yaml, 0, 0, 0, 0, 0, 0, 0
script-925.yaml, 1, 0, 0, 0, 0, 0, 1
script-508.yaml, 2, 0, 0, 0, 0, 0, 2
script-491.yaml, 0, 0, 0, 0, 0, 0, 0
script-1067.yaml, 0, 0, 0, 0, 0, 0, 0
script-115.yaml, 0, 0, 0, 0, 0, 0, 0
script-987.yaml, 0, 0, 0, 0, 0, 0, 0
script-631.yaml, 0, 0, 0, 0, 0, 0, 0
script-384.yaml, 0, 0, 0, 0, 0, 0, 0
script-979.yaml, 0, 0, 0, 0, 0, 0, 0
script-329.yaml, 0, 0, 0, 0, 0, 0, 0
script-10.yaml, 0, 0, 0, 0, 1, 0, 1
script-26.yaml, 0, 0, 0, 0, 0, 0, 0
script-684.yaml, 0, 0, 0, 0, 0, 0, 0
script-165.yaml, 2, 0, 0, 0, 0, 0, 2
script-830.yaml, 1, 0, 0, 0, 0, 1, 2
script-51.yaml, 0, 0, 0, 0, 0, 0, 0
script-478.yaml, 0, 0, 0, 0, 0, 0, 0
script-1013.yaml, 0, 0, 0, 0, 0, 0, 0
script-455.yaml, 0, 0, 0, 0, 0, 0, 0
script-505.yaml, 1, 0, 0, 0, 0, 0, 1
script-159.yaml, 0, 0, 0, 0, 0, 0, 0
script-78.yaml, 0, 0, 0, 0, 0, 0, 0
script-739.yaml, 0, 0, 0, 0, 0, 0, 0
script-412.yaml, 0, 0, 0, 0, 0, 0, 0
script-998.yaml, 0, 0, 0, 0, 0, 0, 0
script-834.yaml, 0, 0, 0, 0, 0, 0, 0
script-305.yaml, 0, 0, 0, 0, 0, 0, 0
script-177.yaml, 0, 0, 0, 0, 0, 0, 0
script-558.yaml, 1, 0, 0, 0, 0, 0, 1
script-766.yaml, 3, 0, 0, 0, 0, 0, 3
script-29.yaml, 0, 0, 0, 0, 0, 0, 0
script-499.yaml, 4, 0, 0, 0, 0, 0, 4
script-915.yaml, 0, 0, 0, 0, 0, 0, 0
script-528.yaml, 0, 0, 0, 0, 0, 0, 0
script-407.yaml, 0, 0, 0, 0, 0, 0, 0
script-373.yaml, 0, 0, 0, 0, 0, 0, 0
script-907.yaml, 6, 0, 0, 0, 0, 0, 6
script-1007.yaml, 0, 0, 0, 0, 1, 0, 1
script-396.yaml, 0, 0, 0, 0, 0, 0, 0
script-846.yaml, 0, 0, 0, 0, 0, 0, 0
script-853.yaml, 1, 0, 0, 0, 0, 0, 1
script-125.yaml, 0, 0, 0, 0, 0, 0, 0
script-333.yaml, 0, 0, 0, 0, 0, 0, 0
script-982.yaml, 0, 0, 0, 0, 0, 0, 0
script-42.yaml, 0, 0, 0, 0, 0, 0, 0
script-312.yaml, 0, 0, 0, 0, 0, 0, 0
script-662.yaml, 0, 0, 0, 0, 0, 0, 0
script-228.yaml, 0, 0, 0, 0, 0, 0, 0
script-163.yaml, 12, 0, 0, 0, 0, 0, 12
script-653.yaml, 0, 0, 0, 0, 0, 0, 0
script-713.yaml, 0, 0, 0, 0, 0, 0, 0
script-939.yaml, 1, 0, 0, 0, 0, 0, 1
script-296.yaml, 0, 0, 0, 0, 0, 0, 0
script-198.yaml, 0, 0, 0, 0, 0, 0, 0
script-573.yaml, 0, 0, 0, 0, 0, 0, 0
script-108.yaml, 0, 0, 0, 0, 0, 0, 0
script-299.yaml, 0, 0, 0, 0, 0, 0, 0
script-358.yaml, 0, 0, 0, 0, 0, 0, 0
script-248.yaml, 0, 0, 0, 0, 0, 0, 0
script-690.yaml, 0, 0, 0, 0, 0, 0, 0
script-726.yaml, 0, 0, 0, 0, 0, 0, 0
script-789.yaml, 0, 0, 0, 0, 0, 0, 0
script-506.yaml, 1, 0, 0, 0, 0, 0, 1
script-197.yaml, 0, 0, 0, 0, 0, 0, 0
script-801.yaml, 0, 0, 0, 0, 0, 0, 0
script-954.yaml, 0, 0, 0, 0, 0, 0, 0
script-570.yaml, 0, 0, 0, 0, 0, 0, 0
script-936.yaml, 1, 0, 0, 0, 0, 0, 1
script-210.yaml, 0, 0, 0, 0, 0, 0, 0
script-11.yaml, 0, 0, 0, 0, 0, 0, 0
script-55.yaml, 0, 0, 0, 0, 0, 0, 0
script-330.yaml, 0, 0, 0, 0, 0, 0, 0
script-6.yaml, 0, 0, 0, 0, 0, 0, 0
script-116.yaml, 1, 0, 0, 0, 0, 0, 1
script-77.yaml, 0, 0, 0, 0, 0, 0, 0
script-913.yaml, 1, 0, 0, 0, 0, 0, 1
script-626.yaml, 1, 0, 0, 0, 0, 0, 1
script-757.yaml, 0, 0, 0, 0, 0, 0, 0
script-681.yaml, 0, 0, 0, 0, 0, 0, 0
script-16.yaml, 0, 0, 0, 0, 0, 0, 0
script-35.yaml, 1, 0, 0, 0, 0, 0, 1
script-598.yaml, 0, 0, 0, 0, 0, 0, 0
script-54.yaml, 0, 0, 0, 0, 0, 0, 0
script-339.yaml, 56, 0, 0, 0, 0, 0, 56
script-202.yaml, 0, 0, 0, 0, 0, 0, 0
script-185.yaml, 0, 0, 0, 0, 0, 0, 0
script-621.yaml, 0, 0, 0, 0, 0, 0, 0
script-1068.yaml, 0, 0, 0, 0, 0, 0, 0
script-666.yaml, 1, 0, 0, 0, 0, 0, 1
script-207.yaml, 0, 0, 0, 0, 0, 0, 0
script-701.yaml, 13, 0, 0, 0, 0, 0, 13
script-670.yaml, 1, 0, 0, 0, 0, 0, 1
script-537.yaml, 3, 0, 0, 0, 0, 0, 3
script-397.yaml, 0, 0, 0, 0, 0, 0, 0
script-1006.yaml, 0, 0, 0, 0, 0, 0, 0
script-540.yaml, 0, 0, 0, 0, 0, 0, 0
script-816.yaml, 0, 0, 0, 0, 0, 0, 0
script-755.yaml, 0, 0, 0, 0, 1, 0, 1
script-467.yaml, 0, 0, 0, 0, 0, 0, 0
script-243.yaml, 0, 0, 0, 0, 0, 0, 0
script-968.yaml, 0, 0, 0, 0, 0, 0, 0
script-97.yaml, 0, 0, 0, 0, 0, 0, 0
script-171.yaml, 1, 0, 0, 0, 0, 0, 1
script-819.yaml, 0, 0, 0, 0, 0, 0, 0
script-611.yaml, 0, 0, 0, 0, 0, 0, 0
script-1040.yaml, 0, 0, 0, 0, 0, 0, 0
script-377.yaml, 0, 0, 0, 0, 0, 0, 0
script-500.yaml, 1, 0, 0, 0, 0, 0, 1
script-725.yaml, 0, 0, 0, 0, 0, 0, 0
script-95.yaml, 0, 0, 0, 0, 0, 0, 0
script-990.yaml, 0, 0, 0, 0, 0, 0, 0
script-518.yaml, 1, 0, 0, 0, 0, 0, 1
script-978.yaml, 0, 0, 0, 0, 0, 0, 0
script-173.yaml, 0, 0, 0, 0, 0, 0, 0
script-31.yaml, 0, 0, 0, 0, 0, 0, 0
script-208.yaml, 0, 0, 0, 0, 0, 0, 0
script-206.yaml, 0, 0, 0, 0, 0, 0, 0
script-651.yaml, 0, 0, 0, 0, 0, 0, 0
script-136.yaml, 0, 0, 0, 0, 0, 0, 0
script-361.yaml, 0, 0, 0, 0, 0, 0, 0
script-380.yaml, 0, 0, 0, 0, 0, 0, 0
script-254.yaml, 0, 0, 0, 0, 0, 0, 0
script-827.yaml, 0, 0, 0, 0, 0, 0, 0
script-672.yaml, 1, 0, 0, 0, 0, 0, 1
script-880.yaml, 0, 0, 0, 0, 0, 0, 0
script-944.yaml, 0, 0, 0, 0, 0, 0, 0
script-730.yaml, 0, 0, 0, 0, 0, 0, 0
script-1004.yaml, 0, 0, 0, 0, 0, 0, 0
script-1041.yaml, 0, 0, 0, 0, 0, 0, 0
script-697.yaml, 2, 0, 1, 0, 0, 0, 3
script-599.yaml, 0, 0, 0, 0, 0, 0, 0
script-1003.yaml, 4, 0, 0, 0, 0, 0, 4
script-449.yaml, 0, 0, 0, 0, 0, 0, 0
script-308.yaml, 1, 0, 0, 0, 0, 0, 1
script-970.yaml, 0, 0, 0, 0, 0, 0, 0
script-75.yaml, 0, 0, 0, 0, 0, 0, 0
script-375.yaml, 1, 0, 0, 0, 0, 0, 1
script-668.yaml, 0, 0, 0, 0, 0, 0, 0
script-143.yaml, 0, 0, 0, 0, 0, 0, 0
script-128.yaml, 0, 0, 0, 0, 0, 0, 0
script-411.yaml, 0, 0, 0, 0, 0, 0, 0
script-1078.yaml, 0, 0, 0, 0, 0, 0, 0
script-9.yaml, 0, 0, 0, 0, 0, 0, 0
script-750.yaml, 0, 0, 0, 0, 0, 0, 0
script-671.yaml, 1, 0, 0, 0, 0, 0, 1
script-245.yaml, 0, 0, 0, 0, 0, 0, 0
script-303.yaml, 0, 0, 0, 0, 0, 0, 0
script-659.yaml, 0, 0, 0, 0, 0, 0, 0
script-728.yaml, 0, 0, 0, 0, 0, 0, 0
script-295.yaml, 0, 0, 0, 0, 0, 0, 0
script-420.yaml, 4, 0, 0, 0, 0, 0, 4
script-999.yaml, 0, 0, 0, 0, 0, 0, 0
script-241.yaml, 0, 0, 0, 0, 0, 0, 0
script-911.yaml, 0, 0, 0, 0, 0, 0, 0
script-576.yaml, 0, 0, 0, 0, 0, 0, 0
script-877.yaml, 0, 0, 0, 0, 0, 0, 0
script-920.yaml, 1, 0, 0, 0, 0, 0, 1
script-428.yaml, 0, 0, 0, 0, 0, 0, 0
script-1075.yaml, 0, 0, 0, 0, 0, 0, 0
script-442.yaml, 1, 0, 0, 0, 0, 0, 1
script-667.yaml, 1, 0, 0, 0, 0, 0, 1
script-459.yaml, 0, 0, 0, 0, 0, 0, 0
script-429.yaml, 0, 0, 0, 0, 0, 0, 0
script-897.yaml, 0, 0, 0, 0, 0, 0, 0
script-114.yaml, 0, 0, 0, 0, 0, 0, 0
script-144.yaml, 0, 0, 0, 0, 0, 0, 0
script-25.yaml, 0, 0, 0, 0, 0, 0, 0
script-1049.yaml, 0, 0, 0, 0, 0, 0, 0
script-580.yaml, 0, 0, 0, 0, 0, 0, 0
script-394.yaml, 0, 0, 0, 0, 0, 0, 0
script-768.yaml, 0, 0, 0, 0, 0, 0, 0
script-921.yaml, 1, 0, 0, 0, 0, 0, 1
script-589.yaml, 0, 0, 0, 0, 0, 0, 0
script-717.yaml, 0, 0, 0, 0, 0, 0, 0
script-845.yaml, 1, 0, 0, 0, 0, 1, 2
script-147.yaml, 0, 0, 0, 0, 0, 0, 0
script-244.yaml, 0, 0, 0, 0, 0, 0, 0
script-628.yaml, 0, 0, 0, 0, 0, 0, 0
script-707.yaml, 2, 0, 0, 0, 0, 0, 2
script-837.yaml, 2, 1, 0, 0, 0, 0, 3
script-997.yaml, 0, 0, 0, 0, 0, 0, 0
script-93.yaml, 0, 0, 0, 0, 0, 0, 0
script-566.yaml, 0, 0, 0, 0, 0, 0, 0
script-821.yaml, 0, 0, 0, 0, 0, 0, 0
script-972.yaml, 0, 0, 0, 0, 0, 0, 0
script-820.yaml, 0, 0, 0, 0, 0, 0, 0
script-526.yaml, 2, 0, 0, 0, 0, 0, 2
script-1017.yaml, 0, 0, 0, 0, 0, 0, 0
script-1002.yaml, 1, 0, 0, 0, 0, 0, 1
script-497.yaml, 1, 0, 0, 0, 0, 0, 1
script-700.yaml, 0, 0, 0, 0, 0, 0, 0
script-744.yaml, 0, 0, 0, 0, 0, 0, 0
script-657.yaml, 0, 0, 0, 0, 0, 0, 0
script-634.yaml, 0, 0, 0, 0, 0, 0, 0
script-1030.yaml, 0, 0, 0, 0, 0, 0, 0
script-148.yaml, 0, 0, 0, 0, 0, 0, 0
script-1.yaml, 0, 0, 0, 0, 0, 0, 0
script-376.yaml, 5, 0, 0, 0, 0, 0, 5
script-851.yaml, 0, 0, 0, 0, 0, 0, 0
script-524.yaml, 2, 0, 0, 0, 0, 0, 2
script-974.yaml, 0, 0, 0, 0, 0, 0, 0
script-605.yaml, 0, 0, 0, 0, 1, 0, 1
script-623.yaml, 1, 0, 0, 0, 0, 0, 1
script-703.yaml, 0, 0, 0, 0, 0, 0, 0
script-1083.yaml, 0, 0, 0, 0, 0, 0, 0
script-635.yaml, 0, 0, 0, 0, 0, 0, 0
script-908.yaml, 0, 0, 0, 0, 0, 0, 0
script-322.yaml, 0, 0, 0, 0, 1, 0, 1
script-614.yaml, 0, 0, 0, 0, 0, 0, 0
script-402.yaml, 1, 0, 0, 0, 0, 0, 1
script-257.yaml, 0, 0, 0, 0, 0, 0, 0
script-918.yaml, 1, 0, 0, 0, 0, 0, 1
script-711.yaml, 0, 0, 0, 0, 0, 0, 0
script-371.yaml, 0, 0, 0, 0, 0, 0, 0
script-1011.yaml, 0, 0, 0, 0, 0, 0, 0
script-942.yaml, 1, 0, 0, 0, 0, 0, 1
script-1082.yaml, 1, 0, 0, 0, 0, 0, 1
script-746.yaml, 4, 0, 0, 0, 0, 0, 4
script-563.yaml, 0, 0, 0, 0, 0, 0, 0
script-1025.yaml, 0, 0, 0, 0, 2, 0, 2
script-973.yaml, 0, 0, 0, 0, 0, 0, 0
script-658.yaml, 0, 0, 0, 0, 0, 0, 0
script-905.yaml, 0, 0, 0, 0, 0, 0, 0
script-252.yaml, 0, 0, 0, 0, 0, 0, 0
script-281.yaml, 0, 0, 0, 0, 0, 0, 0
script-595.yaml, 0, 0, 0, 0, 0, 0, 0
script-440.yaml, 0, 0, 0, 0, 0, 0, 0
script-122.yaml, 2, 0, 0, 0, 0, 0, 2
script-498.yaml, 0, 0, 0, 0, 0, 0, 0
script-745.yaml, 1, 0, 0, 0, 0, 0, 1
script-413.yaml, 0, 0, 0, 0, 0, 0, 0
script-854.yaml, 0, 0, 0, 0, 0, 0, 0
script-297.yaml, 0, 0, 0, 0, 0, 0, 0
script-632.yaml, 0, 0, 0, 0, 0, 0, 0
script-593.yaml, 0, 0, 0, 0, 0, 0, 0
script-360.yaml, 0, 0, 0, 0, 0, 0, 0
script-531.yaml, 1, 0, 0, 0, 0, 0, 1
script-501.yaml, 1, 0, 0, 0, 0, 0, 1
script-439.yaml, 0, 0, 0, 0, 0, 0, 0
script-267.yaml, 0, 0, 0, 0, 0, 0, 0
script-553.yaml, 0, 0, 0, 0, 0, 0, 0
script-259.yaml, 0, 0, 0, 0, 0, 0, 0
script-832.yaml, 0, 0, 0, 0, 0, 0, 0
script-902.yaml, 0, 0, 0, 0, 0, 0, 0
script-887.yaml, 0, 0, 0, 0, 0, 0, 0
script-869.yaml, 1, 0, 0, 0, 0, 1, 2
script-844.yaml, 0, 0, 0, 0, 0, 0, 0
script-601.yaml, 1, 0, 0, 0, 0, 0, 1
script-468.yaml, 0, 0, 0, 0, 0, 0, 0
script-34.yaml, 0, 0, 0, 0, 0, 0, 0
script-1094.yaml, 2, 0, 0, 0, 0, 0, 2
script-486.yaml, 1, 0, 0, 0, 0, 0, 1
script-867.yaml, 0, 0, 0, 0, 0, 0, 0
script-471.yaml, 0, 0, 0, 0, 0, 0, 0
script-1062.yaml, 0, 0, 0, 0, 0, 0, 0
script-96.yaml, 0, 0, 0, 0, 0, 0, 0
script-217.yaml, 0, 0, 0, 0, 0, 0, 0
script-995.yaml, 0, 0, 0, 0, 0, 0, 0
script-839.yaml, 2, 0, 0, 1, 0, 0, 3
script-1074.yaml, 0, 0, 0, 0, 0, 0, 0
script-572.yaml, 0, 0, 0, 0, 0, 0, 0
script-488.yaml, 1, 0, 0, 0, 0, 0, 1
script-27.yaml, 0, 0, 0, 0, 0, 0, 0
script-152.yaml, 1, 0, 0, 0, 0, 0, 1
script-189.yaml, 0, 0, 0, 0, 0, 0, 0
script-363.yaml, 0, 0, 0, 0, 0, 0, 0
script-365.yaml, 0, 0, 0, 0, 0, 0, 0
script-696.yaml, 7, 0, 0, 0, 0, 0, 7
script-912.yaml, 1, 0, 0, 0, 0, 0, 1
script-841.yaml, 0, 0, 0, 0, 0, 0, 0
script-569.yaml, 1, 0, 0, 0, 0, 0, 1
script-731.yaml, 0, 0, 0, 0, 0, 0, 0
script-922.yaml, 1, 0, 0, 0, 0, 0, 1
script-639.yaml, 0, 0, 0, 0, 0, 0, 0
script-234.yaml, 0, 0, 0, 0, 0, 0, 0
script-463.yaml, 0, 0, 0, 0, 0, 0, 0
script-602.yaml, 0, 0, 0, 0, 0, 0, 0
script-1027.yaml, 0, 0, 0, 0, 0, 0, 0
script-131.yaml, 0, 0, 0, 0, 0, 0, 0
script-427.yaml, 0, 0, 0, 0, 0, 0, 0
script-910.yaml, 0, 0, 0, 0, 0, 0, 0
script-549.yaml, 0, 0, 0, 0, 1, 0, 1
script-472.yaml, 0, 0, 0, 0, 1, 0, 1
script-64.yaml, 0, 0, 0, 0, 0, 0, 0
script-216.yaml, 0, 0, 0, 0, 0, 0, 0
script-955.yaml, 0, 0, 0, 0, 0, 0, 0
script-793.yaml, 0, 0, 0, 0, 0, 0, 0
script-268.yaml, 1, 0, 0, 0, 1, 0, 2
script-502.yaml, 1, 0, 0, 0, 0, 0, 1
script-132.yaml, 0, 0, 0, 0, 0, 0, 0
script-250.yaml, 0, 0, 0, 0, 0, 0, 0
script-318.yaml, 0, 0, 0, 0, 0, 0, 0
script-866.yaml, 0, 0, 0, 0, 0, 0, 0
script-70.yaml, 0, 0, 0, 0, 0, 0, 0
script-769.yaml, 1, 0, 0, 0, 0, 0, 1
script-1048.yaml, 0, 0, 0, 0, 0, 0, 0
script-591.yaml, 0, 0, 0, 0, 0, 0, 0
script-878.yaml, 0, 0, 0, 0, 0, 0, 0
script-903.yaml, 0, 0, 0, 0, 0, 0, 0
script-40.yaml, 0, 0, 0, 0, 0, 0, 0
script-943.yaml, 1, 0, 0, 0, 0, 0, 1
script-656.yaml, 0, 0, 0, 0, 0, 0, 0
script-201.yaml, 0, 0, 0, 0, 0, 0, 0
script-170.yaml, 0, 0, 0, 0, 0, 0, 0
script-956.yaml, 0, 0, 0, 0, 0, 0, 0
script-474.yaml, 0, 0, 0, 0, 0, 0, 0
script-342.yaml, 6, 0, 0, 0, 0, 0, 6
script-249.yaml, 0, 0, 0, 0, 0, 0, 0
script-1063.yaml, 0, 0, 0, 0, 0, 0, 0
script-893.yaml, 0, 0, 0, 0, 0, 0, 0
script-708.yaml, 1, 0, 0, 0, 0, 0, 1
script-971.yaml, 0, 0, 0, 0, 1, 0, 1
script-872.yaml, 0, 0, 0, 0, 0, 0, 0
script-203.yaml, 0, 0, 0, 0, 0, 0, 0
script-61.yaml, 0, 0, 0, 0, 0, 0, 0
script-462.yaml, 0, 0, 0, 0, 0, 0, 0
script-213.yaml, 0, 0, 0, 0, 0, 0, 0
script-953.yaml, 0, 0, 0, 0, 0, 0, 0
script-39.yaml, 0, 0, 0, 0, 0, 0, 0
script-652.yaml, 0, 0, 0, 0, 0, 0, 0
script-1088.yaml, 3, 0, 0, 0, 0, 0, 3
script-882.yaml, 0, 0, 0, 0, 0, 0, 0
script-539.yaml, 1, 0, 0, 0, 0, 0, 1
script-1010.yaml, 5, 0, 0, 0, 1, 0, 6
script-1045.yaml, 0, 0, 0, 0, 0, 0, 0
script-879.yaml, 0, 0, 0, 0, 0, 0, 0
script-994.yaml, 0, 0, 0, 0, 0, 0, 0
script-546.yaml, 0, 0, 0, 0, 0, 0, 0
script-475.yaml, 0, 0, 0, 0, 0, 0, 0
script-92.yaml, 0, 0, 0, 0, 0, 0, 0
script-714.yaml, 0, 0, 0, 0, 0, 0, 0
script-1050.yaml, 0, 0, 0, 0, 0, 0, 0
script-71.yaml, 0, 0, 0, 0, 0, 0, 0
script-264.yaml, 1, 0, 0, 0, 0, 0, 1
script-960.yaml, 0, 0, 0, 0, 0, 0, 0
script-950.yaml, 0, 0, 0, 0, 0, 0, 0
script-261.yaml, 0, 0, 0, 0, 0, 0, 0
script-585.yaml, 0, 0, 0, 0, 0, 0, 0
script-1008.yaml, 0, 0, 0, 0, 0, 0, 0
script-523.yaml, 4, 0, 0, 0, 0, 0, 4
script-191.yaml, 0, 0, 0, 0, 0, 0, 0
script-773.yaml, 1, 0, 0, 0, 0, 0, 1
script-306.yaml, 1, 0, 0, 0, 0, 0, 1
script-240.yaml, 0, 0, 0, 0, 0, 0, 0
script-273.yaml, 0, 0, 0, 0, 0, 0, 0
script-957.yaml, 0, 0, 0, 0, 0, 0, 0
script-1090.yaml, 0, 0, 0, 0, 0, 0, 0
script-349.yaml, 0, 0, 0, 0, 0, 0, 0
script-332.yaml, 0, 0, 0, 0, 0, 0, 0
script-212.yaml, 0, 0, 0, 0, 0, 0, 0
script-90.yaml, 0, 0, 0, 0, 0, 0, 0
script-503.yaml, 3, 0, 0, 0, 0, 0, 3
script-600.yaml, 0, 0, 0, 0, 0, 0, 0
script-141.yaml, 1, 0, 0, 0, 0, 0, 1
script-534.yaml, 0, 0, 0, 0, 0, 0, 0
script-776.yaml, 12, 0, 0, 0, 0, 0, 12
script-756.yaml, 0, 0, 0, 0, 0, 0, 0
script-290.yaml, 0, 0, 0, 0, 0, 0, 0
script-99.yaml, 0, 0, 0, 0, 0, 0, 0
script-762.yaml, 3, 0, 0, 0, 0, 0, 3
script-836.yaml, 0, 0, 0, 0, 0, 0, 0
script-156.yaml, 0, 0, 0, 0, 0, 0, 0
script-1015.yaml, 0, 0, 0, 0, 0, 0, 0
script-246.yaml, 0, 0, 0, 0, 0, 0, 0
script-81.yaml, 0, 0, 0, 0, 0, 0, 0
script-660.yaml, 0, 0, 0, 0, 0, 0, 0
script-284.yaml, 0, 0, 0, 0, 0, 0, 0
script-1012.yaml, 0, 0, 0, 0, 0, 0, 0
script-41.yaml, 0, 0, 0, 0, 0, 0, 0
script-741.yaml, 0, 0, 0, 0, 0, 0, 0
script-368.yaml, 0, 0, 0, 0, 0, 0, 0
script-996.yaml, 0, 0, 0, 0, 0, 0, 0
script-24.yaml, 0, 0, 0, 0, 0, 0, 0
script-1042.yaml, 0, 0, 0, 0, 0, 0, 0
script-1019.yaml, 0, 0, 0, 0, 0, 0, 0
script-102.yaml, 0, 0, 0, 0, 0, 0, 0
script-592.yaml, 0, 0, 0, 0, 0, 0, 0
script-481.yaml, 0, 0, 0, 0, 0, 0, 0
script-162.yaml, 1, 0, 0, 0, 0, 0, 1
script-301.yaml, 0, 0, 0, 0, 0, 0, 0
script-49.yaml, 0, 0, 0, 0, 0, 0, 0
script-167.yaml, 0, 0, 0, 0, 0, 0, 0
script-799.yaml, 0, 0, 0, 0, 0, 0, 0
script-279.yaml, 0, 0, 0, 0, 0, 0, 0
script-807.yaml, 0, 0, 0, 0, 0, 0, 0
script-692.yaml, 0, 0, 0, 0, 0, 0, 0
script-323.yaml, 0, 0, 0, 0, 0, 0, 0
script-738.yaml, 0, 0, 0, 0, 0, 0, 0
script-253.yaml, 0, 0, 0, 0, 0, 0, 0
script-53.yaml, 0, 0, 0, 0, 0, 0, 0
script-609.yaml, 0, 0, 0, 0, 0, 0, 0
script-1099.yaml, 0, 0, 0, 0, 0, 0, 0
script-1043.yaml, 0, 0, 0, 0, 0, 0, 0
script-665.yaml, 0, 0, 0, 0, 0, 0, 0
script-186.yaml, 0, 0, 0, 0, 0, 0, 0
script-30.yaml, 1, 0, 0, 0, 0, 0, 1
script-121.yaml, 0, 0, 0, 0, 0, 0, 0
script-479.yaml, 0, 0, 0, 0, 0, 0, 0
script-269.yaml, 0, 0, 0, 0, 0, 0, 0
script-352.yaml, 0, 0, 0, 0, 1, 0, 1
script-721.yaml, 0, 0, 0, 0, 0, 0, 0
script-109.yaml, 0, 0, 0, 0, 0, 0, 0
script-906.yaml, 0, 0, 0, 0, 0, 0, 0
script-559.yaml, 1, 0, 0, 0, 0, 0, 1
script-627.yaml, 0, 0, 0, 0, 0, 0, 0
script-1005.yaml, 1, 0, 0, 0, 0, 0, 1
script-517.yaml, 2, 0, 0, 0, 0, 0, 2
script-389.yaml, 0, 0, 0, 0, 0, 0, 0
script-414.yaml, 0, 0, 0, 0, 0, 0, 0
script-436.yaml, 0, 0, 0, 0, 0, 0, 0
script-285.yaml, 0, 0, 0, 0, 0, 0, 0
script-176.yaml, 1, 0, 0, 0, 0, 0, 1
script-47.yaml, 0, 0, 0, 0, 0, 0, 0
script-133.yaml, 0, 0, 0, 0, 0, 0, 0
script-736.yaml, 0, 0, 0, 0, 0, 0, 0
script-179.yaml, 0, 0, 0, 0, 0, 0, 0
script-891.yaml, 0, 0, 0, 0, 0, 0, 0
script-372.yaml, 0, 0, 0, 0, 0, 0, 0
script-262.yaml, 0, 0, 0, 0, 0, 0, 0
script-112.yaml, 0, 0, 0, 0, 0, 0, 0
script-794.yaml, 0, 0, 0, 0, 0, 0, 0
script-392.yaml, 0, 0, 0, 0, 0, 0, 0
script-824.yaml, 0, 0, 0, 0, 0, 0, 0
script-409.yaml, 0, 0, 0, 0, 0, 0, 0
script-68.yaml, 0, 0, 0, 0, 0, 0, 0
script-829.yaml, 0, 0, 0, 0, 0, 0, 0
script-288.yaml, 0, 0, 0, 0, 0, 0, 0
script-321.yaml, 0, 0, 0, 0, 0, 0, 0
script-791.yaml, 1, 0, 0, 0, 0, 1, 2
script-311.yaml, 0, 0, 0, 0, 0, 0, 0
script-386.yaml, 0, 0, 0, 0, 0, 0, 0
script-643.yaml, 0, 0, 0, 0, 0, 0, 0
script-63.yaml, 0, 0, 0, 0, 0, 0, 0
script-579.yaml, 0, 0, 0, 0, 0, 0, 0
script-804.yaml, 0, 0, 0, 0, 0, 0, 0
script-1020.yaml, 0, 0, 0, 0, 0, 0, 0
script-265.yaml, 0, 0, 0, 0, 1, 0, 1
script-759.yaml, 0, 0, 0, 0, 0, 0, 0
script-67.yaml, 0, 0, 0, 0, 0, 0, 0
script-909.yaml, 1, 0, 0, 0, 0, 0, 1
script-676.yaml, 4, 0, 0, 0, 0, 0, 4
script-1070.yaml, 2, 0, 0, 0, 0, 0, 2
script-900.yaml, 1, 0, 0, 0, 0, 0, 1
script-732.yaml, 0, 0, 0, 0, 0, 0, 0
script-72.yaml, 0, 0, 0, 0, 0, 0, 0
script-687.yaml, 0, 0, 0, 0, 0, 0, 0
script-446.yaml, 0, 0, 0, 0, 0, 0, 0
script-353.yaml, 0, 0, 0, 0, 1, 0, 1
script-21.yaml, 1, 0, 0, 0, 0, 0, 1
script-649.yaml, 0, 0, 0, 0, 0, 0, 0
script-181.yaml, 1, 0, 0, 0, 0, 0, 1
script-13.yaml, 0, 0, 0, 0, 0, 0, 0
script-283.yaml, 0, 0, 0, 0, 0, 0, 0
script-541.yaml, 1, 0, 0, 0, 0, 0, 1
script-85.yaml, 0, 0, 0, 0, 0, 0, 0
script-110.yaml, 1, 0, 0, 0, 0, 0, 1
script-655.yaml, 0, 0, 0, 0, 0, 0, 0
script-50.yaml, 4, 0, 0, 0, 0, 0, 4
script-677.yaml, 1, 0, 0, 0, 0, 0, 1
script-516.yaml, 0, 0, 0, 0, 0, 0, 0
script-174.yaml, 1, 0, 0, 0, 0, 0, 1
script-359.yaml, 0, 0, 0, 0, 0, 0, 0
script-247.yaml, 0, 0, 0, 0, 0, 0, 0
script-683.yaml, 0, 0, 0, 0, 0, 0, 0
script-225.yaml, 0, 0, 0, 0, 0, 0, 0
script-421.yaml, 0, 0, 0, 0, 0, 0, 0
script-398.yaml, 2, 0, 0, 0, 0, 0, 2
script-847.yaml, 0, 0, 0, 0, 0, 0, 0
script-367.yaml, 0, 0, 0, 0, 0, 0, 0
script-706.yaml, 0, 0, 0, 0, 0, 0, 0
script-513.yaml, 4, 0, 0, 0, 0, 0, 4
script-155.yaml, 20, 0, 0, 0, 0, 0, 20
script-351.yaml, 0, 0, 0, 0, 0, 0, 0
script-967.yaml, 0, 0, 0, 0, 0, 0, 0
script-381.yaml, 1, 0, 0, 0, 0, 0, 1
script-868.yaml, 0, 0, 0, 0, 0, 0, 0
script-390.yaml, 0, 0, 0, 0, 0, 0, 0
script-263.yaml, 1, 0, 1, 0, 1, 0, 3
script-224.yaml, 0, 0, 0, 0, 0, 0, 0
script-735.yaml, 0, 0, 0, 0, 0, 0, 0
script-161.yaml, 1, 0, 0, 0, 0, 0, 1
script-362.yaml, 0, 0, 0, 0, 0, 0, 0
script-1024.yaml, 0, 0, 0, 0, 0, 0, 0
script-220.yaml, 0, 0, 0, 0, 0, 0, 0
script-1096.yaml, 0, 0, 0, 0, 0, 0, 0
script-1087.yaml, 0, 0, 0, 0, 0, 0, 0
script-129.yaml, 0, 0, 0, 0, 0, 0, 0
script-44.yaml, 0, 0, 0, 0, 0, 0, 0
script-340.yaml, 0, 0, 0, 0, 0, 0, 0
script-130.yaml, 0, 0, 0, 0, 0, 0, 0
script-584.yaml, 0, 0, 0, 0, 0, 0, 0
script-727.yaml, 0, 0, 0, 0, 0, 0, 0
script-886.yaml, 0, 0, 0, 0, 0, 0, 0
script-111.yaml, 1, 0, 0, 0, 0, 0, 1
script-118.yaml, 0, 0, 0, 0, 0, 0, 0
script-487.yaml, 1, 0, 0, 0, 0, 0, 1
script-586.yaml, 0, 0, 0, 0, 0, 0, 0
script-435.yaml, 0, 0, 0, 0, 0, 0, 0
script-980.yaml, 0, 0, 0, 0, 0, 0, 0
script-617.yaml, 0, 0, 0, 0, 0, 0, 0
script-113.yaml, 0, 0, 0, 0, 0, 0, 0
script-1059.yaml, 0, 0, 0, 0, 0, 0, 0
script-515.yaml, 2, 0, 0, 0, 0, 0, 2
script-560.yaml, 1, 0, 0, 0, 0, 0, 1
script-465.yaml, 0, 0, 0, 0, 0, 0, 0
script-425.yaml, 0, 0, 0, 0, 0, 0, 0
script-561.yaml, 1, 0, 0, 0, 0, 0, 1
script-366.yaml, 0, 0, 0, 0, 0, 0, 0
script-567.yaml, 0, 0, 0, 0, 0, 0, 0
script-712.yaml, 0, 0, 0, 0, 0, 0, 0
script-633.yaml, 0, 0, 0, 0, 0, 0, 0
script-678.yaml, 2, 0, 0, 0, 0, 1, 3
script-184.yaml, 0, 0, 0, 0, 0, 0, 0
script-640.yaml, 0, 0, 0, 0, 0, 0, 0
script-615.yaml, 1, 0, 0, 0, 0, 0, 1
script-861.yaml, 0, 0, 0, 0, 0, 0, 0
script-336.yaml, 56, 0, 0, 0, 0, 0, 56
script-675.yaml, 1, 0, 0, 0, 0, 0, 1
script-538.yaml, 4, 0, 0, 0, 0, 0, 4
script-754.yaml, 0, 0, 0, 0, 0, 0, 0
script-892.yaml, 0, 0, 0, 0, 0, 0, 0
script-529.yaml, 0, 0, 0, 0, 0, 0, 0
script-172.yaml, 1, 0, 0, 0, 0, 0, 1
script-447.yaml, 0, 0, 0, 0, 0, 0, 0
script-1028.yaml, 1, 0, 0, 0, 0, 0, 1
script-405.yaml, 0, 0, 0, 0, 0, 0, 0
script-460.yaml, 0, 0, 0, 0, 0, 0, 0
script-691.yaml, 0, 0, 0, 0, 0, 0, 0
script-1051.yaml, 0, 0, 0, 0, 0, 0, 0
script-3.yaml, 0, 0, 0, 0, 0, 0, 0
script-135.yaml, 0, 0, 0, 0, 0, 0, 0
script-932.yaml, 1, 0, 0, 0, 0, 0, 1
script-124.yaml, 0, 0, 0, 0, 2, 0, 2
script-204.yaml, 0, 0, 0, 0, 0, 0, 0
script-19.yaml, 0, 0, 0, 0, 0, 0, 0
script-150.yaml, 0, 0, 0, 0, 0, 0, 0
script-310.yaml, 0, 0, 0, 0, 0, 0, 0
script-777.yaml, 2, 0, 0, 0, 0, 0, 2
script-536.yaml, 1, 0, 0, 0, 0, 0, 1
script-1079.yaml, 0, 0, 0, 0, 0, 0, 0
script-12.yaml, 0, 0, 0, 0, 0, 0, 0
script-87.yaml, 0, 0, 0, 0, 0, 0, 0
script-76.yaml, 0, 0, 0, 0, 0, 0, 0
script-1039.yaml, 3, 0, 0, 0, 0, 0, 3
script-522.yaml, 1, 0, 0, 0, 0, 0, 1
script-993.yaml, 4, 0, 0, 0, 0, 0, 4
script-1023.yaml, 0, 0, 0, 0, 0, 0, 0
script-509.yaml, 2, 0, 0, 0, 0, 0, 2
script-748.yaml, 0, 0, 0, 0, 0, 0, 0
script-1047.yaml, 1, 0, 0, 0, 0, 0, 1
script-383.yaml, 0, 0, 0, 0, 0, 0, 0
script-521.yaml, 1, 0, 0, 0, 0, 0, 1
script-1035.yaml, 0, 0, 0, 0, 0, 0, 0
script-814.yaml, 0, 0, 0, 0, 0, 0, 0
script-105.yaml, 0, 0, 0, 0, 0, 0, 0
script-715.yaml, 0, 0, 0, 0, 0, 0, 0
script-874.yaml, 0, 0, 0, 0, 0, 0, 0
script-622.yaml, 1, 0, 0, 0, 0, 0, 1
script-8.yaml, 1, 0, 0, 0, 0, 0, 1
script-33.yaml, 1, 0, 0, 0, 0, 0, 1
script-926.yaml, 1, 0, 0, 0, 0, 0, 1
script-403.yaml, 2, 0, 0, 0, 2, 0, 4
script-1052.yaml, 0, 0, 0, 0, 0, 0, 0
script-709.yaml, 0, 0, 0, 0, 0, 0, 0
script-590.yaml, 1, 0, 0, 0, 0, 0, 1
script-23.yaml, 0, 0, 0, 0, 0, 0, 0
script-734.yaml, 0, 0, 0, 0, 0, 0, 0
script-843.yaml, 0, 0, 0, 0, 0, 0, 0
script-453.yaml, 0, 0, 0, 0, 0, 0, 0
script-604.yaml, 0, 0, 0, 0, 0, 0, 0
script-786.yaml, 5, 0, 0, 0, 0, 0, 5
script-195.yaml, 0, 0, 0, 0, 0, 0, 0
script-648.yaml, 0, 0, 0, 0, 0, 0, 0
script-562.yaml, 2, 0, 2, 3, 0, 0, 7
script-426.yaml, 0, 0, 0, 0, 0, 0, 0
script-485.yaml, 2, 0, 0, 0, 0, 0, 2
script-127.yaml, 0, 0, 0, 0, 0, 0, 0
script-840.yaml, 0, 0, 0, 0, 0, 0, 0
script-1016.yaml, 0, 0, 0, 0, 0, 0, 0
script-196.yaml, 0, 0, 0, 0, 0, 0, 0
script-431.yaml, 0, 0, 0, 0, 0, 0, 0
script-752.yaml, 1, 0, 0, 0, 0, 0, 1
script-885.yaml, 0, 0, 0, 0, 0, 0, 0
script-511.yaml, 3, 0, 0, 0, 0, 0, 3
script-610.yaml, 0, 0, 0, 0, 1, 0, 1
script-400.yaml, 0, 0, 0, 0, 0, 0, 0
script-423.yaml, 1, 0, 0, 0, 0, 0, 1
script-532.yaml, 1, 0, 0, 0, 0, 0, 1
script-146.yaml, 0, 0, 0, 0, 0, 0, 0
script-107.yaml, 0, 0, 0, 0, 1, 0, 1
script-418.yaml, 0, 0, 0, 0, 0, 0, 0
script-231.yaml, 0, 0, 0, 0, 0, 0, 0
script-989.yaml, 0, 0, 0, 0, 0, 0, 0
script-493.yaml, 1, 0, 0, 0, 0, 0, 1
script-654.yaml, 0, 0, 0, 0, 0, 0, 0
script-60.yaml, 0, 0, 0, 0, 0, 0, 0
script-345.yaml, 0, 0, 0, 0, 0, 0, 0
script-338.yaml, 0, 0, 0, 0, 0, 0, 0
script-616.yaml, 0, 0, 0, 0, 0, 0, 0
script-344.yaml, 0, 0, 0, 0, 0, 0, 0
script-809.yaml, 0, 0, 0, 0, 0, 1, 1
script-104.yaml, 0, 0, 0, 0, 0, 0, 0
script-120.yaml, 0, 0, 0, 0, 0, 0, 0
script-443.yaml, 0, 0, 0, 0, 0, 0, 0
script-788.yaml, 0, 0, 0, 0, 0, 0, 0
script-641.yaml, 0, 0, 0, 0, 0, 0, 0
script-543.yaml, 0, 0, 0, 0, 0, 0, 0
script-510.yaml, 2, 0, 0, 0, 0, 0, 2
script-327.yaml, 0, 0, 0, 0, 0, 0, 0
script-1069.yaml, 0, 0, 0, 0, 0, 0, 0
script-58.yaml, 0, 0, 0, 0, 0, 0, 0
script-123.yaml, 0, 0, 0, 0, 1, 0, 1
script-1100.yaml, 0, 0, 0, 0, 0, 0, 0
script-519.yaml, 1, 0, 0, 0, 0, 0, 1
script-884.yaml, 0, 0, 0, 0, 0, 0, 0
script-260.yaml, 0, 0, 0, 0, 0, 0, 0
script-374.yaml, 0, 0, 0, 0, 0, 0, 0
script-304.yaml, 0, 0, 0, 0, 0, 0, 0
script-444.yaml, 0, 0, 0, 0, 0, 0, 0
script-685.yaml, 0, 0, 0, 0, 0, 0, 0
script-815.yaml, 0, 0, 0, 0, 0, 0, 0
script-806.yaml, 0, 0, 0, 0, 0, 0, 0
script-137.yaml, 0, 0, 0, 0, 0, 0, 0
script-287.yaml, 0, 0, 0, 0, 0, 0, 0
script-574.yaml, 0, 0, 0, 0, 0, 0, 0
script-422.yaml, 0, 0, 0, 0, 0, 0, 0
script-441.yaml, 0, 0, 0, 0, 0, 0, 0
script-859.yaml, 0, 0, 0, 0, 0, 0, 0
script-326.yaml, 4, 0, 0, 0, 0, 0, 4
script-91.yaml, 0, 0, 0, 0, 0, 0, 0
script-742.yaml, 1, 0, 0, 0, 0, 0, 1
script-153.yaml, 0, 0, 0, 0, 0, 0, 0
script-1095.yaml, 0, 0, 0, 0, 0, 0, 0
script-760.yaml, 1, 0, 0, 0, 0, 0, 1
script-69.yaml, 0, 0, 0, 0, 0, 0, 0
script-1038.yaml, 0, 0, 0, 0, 0, 0, 0
script-142.yaml, 0, 0, 0, 0, 0, 0, 0
script-15.yaml, 0, 0, 0, 0, 1, 0, 1
script-237.yaml, 0, 0, 0, 0, 0, 0, 0
script-699.yaml, 0, 0, 0, 0, 0, 0, 0
script-328.yaml, 0, 0, 0, 0, 0, 0, 0
script-168.yaml, 0, 0, 0, 0, 0, 0, 0
script-984.yaml, 0, 0, 0, 0, 0, 0, 0
script-385.yaml, 0, 0, 0, 0, 0, 0, 0
script-876.yaml, 0, 0, 0, 0, 0, 0, 0
script-729.yaml, 0, 0, 0, 0, 0, 0, 0
script-32.yaml, 0, 0, 0, 0, 0, 0, 0
script-870.yaml, 0, 0, 0, 0, 0, 0, 0
script-761.yaml, 0, 0, 0, 0, 0, 0, 0
script-934.yaml, 0, 0, 0, 0, 0, 0, 0
script-894.yaml, 0, 0, 0, 0, 0, 0, 0
script-282.yaml, 0, 0, 0, 0, 0, 0, 0
script-56.yaml, 0, 0, 0, 0, 0, 0, 0
script-525.yaml, 1, 0, 0, 0, 0, 0, 1
script-747.yaml, 0, 0, 0, 0, 0, 0, 0
script-916.yaml, 1, 0, 0, 0, 0, 0, 1
script-865.yaml, 0, 0, 0, 0, 0, 0, 0
script-291.yaml, 0, 0, 0, 0, 0, 0, 0
script-917.yaml, 2, 0, 0, 0, 0, 0, 2
script-331.yaml, 48, 0, 0, 0, 0, 0, 48
script-454.yaml, 0, 0, 0, 0, 0, 0, 0
script-577.yaml, 0, 0, 0, 0, 0, 0, 0
script-772.yaml, 1, 0, 0, 0, 0, 0, 1
script-276.yaml, 1, 0, 0, 0, 0, 0, 1
script-889.yaml, 0, 0, 0, 0, 0, 0, 0
script-555.yaml, 1, 0, 0, 0, 0, 0, 1
script-669.yaml, 2, 0, 0, 0, 0, 1, 3
script-289.yaml, 0, 0, 0, 0, 0, 0, 0
script-324.yaml, 8, 0, 2, 0, 0, 0, 10
script-59.yaml, 0, 0, 0, 0, 0, 0, 0
script-817.yaml, 1, 0, 0, 0, 0, 1, 2
script-369.yaml, 0, 0, 0, 0, 0, 0, 0
script-831.yaml, 0, 0, 0, 0, 0, 0, 0
script-948.yaml, 0, 0, 0, 0, 0, 0, 0
script-564.yaml, 0, 0, 0, 0, 0, 0, 0
script-587.yaml, 0, 0, 0, 0, 0, 0, 0
script-571.yaml, 0, 0, 0, 0, 0, 0, 0
script-157.yaml, 0, 0, 0, 0, 0, 0, 0
script-154.yaml, 0, 0, 0, 0, 0, 0, 0
script-483.yaml, 0, 0, 0, 0, 0, 0, 0
script-822.yaml, 0, 0, 0, 0, 0, 0, 0
script-230.yaml, 0, 0, 0, 0, 0, 0, 0
script-898.yaml, 0, 0, 0, 0, 0, 0, 0
script-723.yaml, 0, 0, 0, 0, 0, 0, 0
script-1056.yaml, 0, 0, 0, 0, 0, 0, 0
script-408.yaml, 0, 0, 0, 0, 0, 0, 0
script-215.yaml, 0, 0, 0, 0, 0, 0, 0
script-101.yaml, 0, 0, 0, 0, 0, 0, 0
script-545.yaml, 0, 0, 0, 0, 0, 0, 0
script-1085.yaml, 0, 0, 0, 0, 0, 0, 0
script-119.yaml, 0, 0, 0, 0, 0, 0, 0
script-139.yaml, 0, 0, 0, 0, 0, 0, 0
script-737.yaml, 0, 0, 0, 0, 0, 0, 0
script-238.yaml, 0, 0, 0, 0, 0, 0, 0
script-630.yaml, 0, 0, 0, 0, 0, 0, 0
script-790.yaml, 0, 0, 0, 0, 0, 0, 0
script-1077.yaml, 0, 0, 0, 0, 0, 0, 0
script-613.yaml, 3, 0, 0, 0, 0, 0, 3
script-158.yaml, 12, 0, 0, 0, 0, 0, 12
script-274.yaml, 1, 0, 0, 0, 0, 0, 1
script-1071.yaml, 0, 0, 0, 0, 0, 0, 0
script-199.yaml, 2, 0, 0, 0, 1, 0, 3
script-647.yaml, 0, 0, 0, 0, 0, 0, 0
script-638.yaml, 0, 0, 0, 0, 0, 0, 0
script-961.yaml, 0, 0, 0, 0, 0, 0, 0
script-480.yaml, 0, 0, 0, 0, 0, 0, 0
script-1026.yaml, 0, 0, 0, 0, 0, 0, 0
script-946.yaml, 0, 0, 0, 0, 0, 0, 0
script-86.yaml, 0, 0, 0, 0, 0, 0, 0
script-976.yaml, 3, 0, 0, 0, 0, 0, 3
script-720.yaml, 0, 0, 0, 0, 0, 0, 0
script-256.yaml, 0, 0, 0, 0, 1, 0, 1
script-1086.yaml, 0, 0, 0, 0, 0, 0, 0
script-300.yaml, 0, 0, 0, 0, 0, 0, 0
script-1053.yaml, 0, 0, 0, 0, 0, 0, 0
script-637.yaml, 0, 0, 0, 0, 0, 0, 0
script-802.yaml, 0, 0, 0, 0, 0, 0, 0
script-581.yaml, 0, 0, 0, 0, 0, 0, 0
script-535.yaml, 1, 0, 0, 0, 0, 0, 1
script-1072.yaml, 0, 0, 0, 0, 0, 0, 0
script-784.yaml, 0, 0, 0, 0, 0, 0, 0
script-211.yaml, 0, 0, 0, 0, 0, 0, 0
script-1101.yaml, 0, 0, 0, 0, 0, 0, 0
script-495.yaml, 1, 0, 0, 0, 0, 0, 1
script-597.yaml, 0, 0, 0, 0, 0, 0, 0
script-470.yaml, 0, 0, 0, 0, 0, 0, 0
script-981.yaml, 0, 0, 0, 0, 0, 0, 0
script-140.yaml, 0, 0, 0, 0, 0, 0, 0
script-825.yaml, 0, 0, 0, 0, 0, 0, 0
script-378.yaml, 0, 0, 0, 0, 0, 0, 0
script-1097.yaml, 1, 0, 0, 0, 0, 0, 1
script-966.yaml, 1, 0, 0, 0, 1, 0, 2
script-145.yaml, 0, 0, 0, 0, 0, 0, 0
